<?xml version="1.0" encoding="UTF-8"?>

<Bundle xmlns="http://hl7.org/fhir">
  <id value="3f05349d-58aa-4659-972b-9e6fee696343"/>
  <meta>
    <lastUpdated value="2025-11-18T17:18:56.908+00:00"/>
  </meta>
  <type value="collection"/>
  <entry>
    <fullUrl value="https://interop.esante.gouv.fr/ig/fhir/cds/ValueSet/careteam-roles-vs"/>
    <resource>
      <ValueSet>
        <text>
          <status value="generated"/>
          <div xmlns="http://www.w3.org/1999/xhtml">
            <p class="res-header-id"/>
            <div style="border: black 1px dotted; background-color: #EEEEEE; padding: 8px; margin-bottom: 8px">
              <p>Expansion performed internally based on:</p>
              <ul>
                <li>
                  <a href="https://interop.esante.gouv.fr/terminologies/1.4.0/CodeSystem-TRE-R259-HL7ParticipationFunction.html">codesystem TRE_R259_HL7ParticipationFunction v20231215120000 (CodeSystem)</a>
                  <span class="copy-text-inline">
                    <button data-clipboard-text="https://mos.esante.gouv.fr/NOS/TRE_R259-HL7ParticipationFunction/FHIR/TRE-R259-HL7ParticipationFunction|20231215120000" title="Click to Copy URL" class="btn-copy"> </button>
                  </span>
                </li>
                <li>
                  <a href="https://interop.esante.gouv.fr/terminologies/1.4.0/CodeSystem-TRE-R260-HL7RoleClass.html">codesystem TRE_R260_HL7RoleClass v20240426120000 (CodeSystem)</a>
                  <span class="copy-text-inline">
                    <button data-clipboard-text="https://mos.esante.gouv.fr/NOS/TRE_R260-HL7RoleClass/FHIR/TRE-R260-HL7RoleClass|20240426120000" title="Click to Copy URL" class="btn-copy"> </button>
                  </span>
                </li>
              </ul>
            </div>
            <p>Ce jeu de valeur (ValueSet) contient 11 concepts</p>
            <table class="codes" data-fhir="generated">
              <tr>
                <td>
                  <b>Système</b>
                </td>
                <td style="white-space:nowrap">
                  <b>Code</b>
                </td>
                <td>
                  <b>Display (fr)</b>
                </td>
                <td>
                  <b>Définition</b>
                </td>
                <td>
                  <b>
                    <a href="http://hl7.org/fhir/concept-properties#status">status</a>
                  </b>
                </td>
                <td>
                  <b>JSON</b>
                </td>
                <td>
                  <b>XML</b>
                </td>
              </tr>
              <tr>
                <td>
                  <a name="x-https://mos.esante.gouv.fr/NOS/TRE_R259-HL7ParticipationFunction/FHIR/TRE-R259-HL7ParticipationFunction-PCP"> </a>
                  <code>https://mos.esante.gouv.fr/NOS/TRE_R259-HL7ParticipationFunction/FHIR/TRE-R259-HL7ParticipationFunction</code>
                </td>
                <td style="white-space:nowrap">  
                  <a href="https://interop.esante.gouv.fr/terminologies/1.4.0/CodeSystem-TRE-R259-HL7ParticipationFunction.html#TRE-R259-HL7ParticipationFunction-PCP">PCP</a>
                </td>
                <td/>
                <td/>
                <td/>
                <td>
                  <span class="copy-text-inline">
                    <button data-clipboard-text="{&quot;system&quot;: &quot;https://mos.esante.gouv.fr/NOS/TRE_R259-HL7ParticipationFunction/FHIR/TRE-R259-HL7ParticipationFunction&quot;, &quot;version&quot;: &quot;20231215120000&quot;, &quot;code&quot;: &quot;PCP&quot;}" title="Click to Copy as Coding" class="btn-copy"> </button>
                  </span>
                </td>
                <td>
                  <span class="copy-text-inline">
                    <button data-clipboard-text="&lt;coding&gt;&lt;system value=&quot;https://mos.esante.gouv.fr/NOS/TRE_R259-HL7ParticipationFunction/FHIR/TRE-R259-HL7ParticipationFunction&quot;&gt;&lt;version value=&quot;20231215120000&quot;&gt;&lt;code value=&quot;PCP&quot;&gt;&lt;/coding&gt;" title="Click to Copy as Coding" class="btn-copy"> </button>
                  </span>
                </td>
              </tr>
              <tr>
                <td>
                  <a name="x-https://mos.esante.gouv.fr/NOS/TRE_R260-HL7RoleClass/FHIR/TRE-R260-HL7RoleClass-ECON"> </a>
                  <code>https://mos.esante.gouv.fr/NOS/TRE_R260-HL7RoleClass/FHIR/TRE-R260-HL7RoleClass</code>
                </td>
                <td style="white-space:nowrap">  
                  <a href="https://interop.esante.gouv.fr/terminologies/1.4.0/CodeSystem-TRE-R260-HL7RoleClass.html#TRE-R260-HL7RoleClass-ECON">ECON</a>
                </td>
                <td/>
                <td/>
                <td/>
                <td>
                  <span class="copy-text-inline">
                    <button data-clipboard-text="{&quot;system&quot;: &quot;https://mos.esante.gouv.fr/NOS/TRE_R260-HL7RoleClass/FHIR/TRE-R260-HL7RoleClass&quot;, &quot;version&quot;: &quot;20240426120000&quot;, &quot;code&quot;: &quot;ECON&quot;}" title="Click to Copy as Coding" class="btn-copy"> </button>
                  </span>
                </td>
                <td>
                  <span class="copy-text-inline">
                    <button data-clipboard-text="&lt;coding&gt;&lt;system value=&quot;https://mos.esante.gouv.fr/NOS/TRE_R260-HL7RoleClass/FHIR/TRE-R260-HL7RoleClass&quot;&gt;&lt;version value=&quot;20240426120000&quot;&gt;&lt;code value=&quot;ECON&quot;&gt;&lt;/coding&gt;" title="Click to Copy as Coding" class="btn-copy"> </button>
                  </span>
                </td>
              </tr>
              <tr>
                <td>
                  <a name="x-https://mos.esante.gouv.fr/NOS/TRE_R260-HL7RoleClass/FHIR/TRE-R260-HL7RoleClass-GUARD"> </a>
                  <code>https://mos.esante.gouv.fr/NOS/TRE_R260-HL7RoleClass/FHIR/TRE-R260-HL7RoleClass</code>
                </td>
                <td style="white-space:nowrap">  
                  <a href="https://interop.esante.gouv.fr/terminologies/1.4.0/CodeSystem-TRE-R260-HL7RoleClass.html#TRE-R260-HL7RoleClass-GUARD">GUARD</a>
                </td>
                <td/>
                <td/>
                <td/>
                <td>
                  <span class="copy-text-inline">
                    <button data-clipboard-text="{&quot;system&quot;: &quot;https://mos.esante.gouv.fr/NOS/TRE_R260-HL7RoleClass/FHIR/TRE-R260-HL7RoleClass&quot;, &quot;version&quot;: &quot;20240426120000&quot;, &quot;code&quot;: &quot;GUARD&quot;}" title="Click to Copy as Coding" class="btn-copy"> </button>
                  </span>
                </td>
                <td>
                  <span class="copy-text-inline">
                    <button data-clipboard-text="&lt;coding&gt;&lt;system value=&quot;https://mos.esante.gouv.fr/NOS/TRE_R260-HL7RoleClass/FHIR/TRE-R260-HL7RoleClass&quot;&gt;&lt;version value=&quot;20240426120000&quot;&gt;&lt;code value=&quot;GUARD&quot;&gt;&lt;/coding&gt;" title="Click to Copy as Coding" class="btn-copy"> </button>
                  </span>
                </td>
              </tr>
              <tr style="background-color: #ffeeee">
                <td>
                  <a name="x-https://mos.esante.gouv.fr/NOS/TRE_R260-HL7RoleClass/FHIR/TRE-R260-HL7RoleClass-QUAL"> </a>
                  <code>https://mos.esante.gouv.fr/NOS/TRE_R260-HL7RoleClass/FHIR/TRE-R260-HL7RoleClass</code>
                </td>
                <td style="white-space:nowrap">  
                  <a href="https://interop.esante.gouv.fr/terminologies/1.4.0/CodeSystem-TRE-R260-HL7RoleClass.html#TRE-R260-HL7RoleClass-QUAL">QUAL</a>
                </td>
                <td/>
                <td/>
                <td>deprecated</td>
                <td>
                  <span class="copy-text-inline">
                    <button data-clipboard-text="{&quot;system&quot;: &quot;https://mos.esante.gouv.fr/NOS/TRE_R260-HL7RoleClass/FHIR/TRE-R260-HL7RoleClass&quot;, &quot;version&quot;: &quot;20240426120000&quot;, &quot;code&quot;: &quot;QUAL&quot;}" title="Click to Copy as Coding" class="btn-copy"> </button>
                  </span>
                </td>
                <td>
                  <span class="copy-text-inline">
                    <button data-clipboard-text="&lt;coding&gt;&lt;system value=&quot;https://mos.esante.gouv.fr/NOS/TRE_R260-HL7RoleClass/FHIR/TRE-R260-HL7RoleClass&quot;&gt;&lt;version value=&quot;20240426120000&quot;&gt;&lt;code value=&quot;QUAL&quot;&gt;&lt;/coding&gt;" title="Click to Copy as Coding" class="btn-copy"> </button>
                  </span>
                </td>
              </tr>
              <tr>
                <td>
                  <a name="x-https://mos.esante.gouv.fr/NOS/TRE_R260-HL7RoleClass/FHIR/TRE-R260-HL7RoleClass-POLHOLD"> </a>
                  <code>https://mos.esante.gouv.fr/NOS/TRE_R260-HL7RoleClass/FHIR/TRE-R260-HL7RoleClass</code>
                </td>
                <td style="white-space:nowrap">  
                  <a href="https://interop.esante.gouv.fr/terminologies/1.4.0/CodeSystem-TRE-R260-HL7RoleClass.html#TRE-R260-HL7RoleClass-POLHOLD">POLHOLD</a>
                </td>
                <td/>
                <td/>
                <td/>
                <td>
                  <span class="copy-text-inline">
                    <button data-clipboard-text="{&quot;system&quot;: &quot;https://mos.esante.gouv.fr/NOS/TRE_R260-HL7RoleClass/FHIR/TRE-R260-HL7RoleClass&quot;, &quot;version&quot;: &quot;20240426120000&quot;, &quot;code&quot;: &quot;POLHOLD&quot;}" title="Click to Copy as Coding" class="btn-copy"> </button>
                  </span>
                </td>
                <td>
                  <span class="copy-text-inline">
                    <button data-clipboard-text="&lt;coding&gt;&lt;system value=&quot;https://mos.esante.gouv.fr/NOS/TRE_R260-HL7RoleClass/FHIR/TRE-R260-HL7RoleClass&quot;&gt;&lt;version value=&quot;20240426120000&quot;&gt;&lt;code value=&quot;POLHOLD&quot;&gt;&lt;/coding&gt;" title="Click to Copy as Coding" class="btn-copy"> </button>
                  </span>
                </td>
              </tr>
              <tr>
                <td>
                  <a name="x-https://mos.esante.gouv.fr/NOS/TRE_R260-HL7RoleClass/FHIR/TRE-R260-HL7RoleClass-CON"> </a>
                  <code>https://mos.esante.gouv.fr/NOS/TRE_R260-HL7RoleClass/FHIR/TRE-R260-HL7RoleClass</code>
                </td>
                <td style="white-space:nowrap">  
                  <a href="https://interop.esante.gouv.fr/terminologies/1.4.0/CodeSystem-TRE-R260-HL7RoleClass.html#TRE-R260-HL7RoleClass-CON">CON</a>
                </td>
                <td/>
                <td/>
                <td/>
                <td>
                  <span class="copy-text-inline">
                    <button data-clipboard-text="{&quot;system&quot;: &quot;https://mos.esante.gouv.fr/NOS/TRE_R260-HL7RoleClass/FHIR/TRE-R260-HL7RoleClass&quot;, &quot;version&quot;: &quot;20240426120000&quot;, &quot;code&quot;: &quot;CON&quot;}" title="Click to Copy as Coding" class="btn-copy"> </button>
                  </span>
                </td>
                <td>
                  <span class="copy-text-inline">
                    <button data-clipboard-text="&lt;coding&gt;&lt;system value=&quot;https://mos.esante.gouv.fr/NOS/TRE_R260-HL7RoleClass/FHIR/TRE-R260-HL7RoleClass&quot;&gt;&lt;version value=&quot;20240426120000&quot;&gt;&lt;code value=&quot;CON&quot;&gt;&lt;/coding&gt;" title="Click to Copy as Coding" class="btn-copy"> </button>
                  </span>
                </td>
              </tr>
              <tr>
                <td>
                  <a name="x-https://mos.esante.gouv.fr/NOS/TRE_R260-HL7RoleClass/FHIR/TRE-R260-HL7RoleClass-CAREGIVER"> </a>
                  <code>https://mos.esante.gouv.fr/NOS/TRE_R260-HL7RoleClass/FHIR/TRE-R260-HL7RoleClass</code>
                </td>
                <td style="white-space:nowrap">  
                  <a href="https://interop.esante.gouv.fr/terminologies/1.4.0/CodeSystem-TRE-R260-HL7RoleClass.html#TRE-R260-HL7RoleClass-CAREGIVER">CAREGIVER</a>
                </td>
                <td/>
                <td/>
                <td/>
                <td>
                  <span class="copy-text-inline">
                    <button data-clipboard-text="{&quot;system&quot;: &quot;https://mos.esante.gouv.fr/NOS/TRE_R260-HL7RoleClass/FHIR/TRE-R260-HL7RoleClass&quot;, &quot;version&quot;: &quot;20240426120000&quot;, &quot;code&quot;: &quot;CAREGIVER&quot;}" title="Click to Copy as Coding" class="btn-copy"> </button>
                  </span>
                </td>
                <td>
                  <span class="copy-text-inline">
                    <button data-clipboard-text="&lt;coding&gt;&lt;system value=&quot;https://mos.esante.gouv.fr/NOS/TRE_R260-HL7RoleClass/FHIR/TRE-R260-HL7RoleClass&quot;&gt;&lt;version value=&quot;20240426120000&quot;&gt;&lt;code value=&quot;CAREGIVER&quot;&gt;&lt;/coding&gt;" title="Click to Copy as Coding" class="btn-copy"> </button>
                  </span>
                </td>
              </tr>
              <tr>
                <td>
                  <a name="x-https://mos.esante.gouv.fr/NOS/TRE_R260-HL7RoleClass/FHIR/TRE-R260-HL7RoleClass-PAT"> </a>
                  <code>https://mos.esante.gouv.fr/NOS/TRE_R260-HL7RoleClass/FHIR/TRE-R260-HL7RoleClass</code>
                </td>
                <td style="white-space:nowrap">  
                  <a href="https://interop.esante.gouv.fr/terminologies/1.4.0/CodeSystem-TRE-R260-HL7RoleClass.html#TRE-R260-HL7RoleClass-PAT">PAT</a>
                </td>
                <td/>
                <td/>
                <td/>
                <td>
                  <span class="copy-text-inline">
                    <button data-clipboard-text="{&quot;system&quot;: &quot;https://mos.esante.gouv.fr/NOS/TRE_R260-HL7RoleClass/FHIR/TRE-R260-HL7RoleClass&quot;, &quot;version&quot;: &quot;20240426120000&quot;, &quot;code&quot;: &quot;PAT&quot;}" title="Click to Copy as Coding" class="btn-copy"> </button>
                  </span>
                </td>
                <td>
                  <span class="copy-text-inline">
                    <button data-clipboard-text="&lt;coding&gt;&lt;system value=&quot;https://mos.esante.gouv.fr/NOS/TRE_R260-HL7RoleClass/FHIR/TRE-R260-HL7RoleClass&quot;&gt;&lt;version value=&quot;20240426120000&quot;&gt;&lt;code value=&quot;PAT&quot;&gt;&lt;/coding&gt;" title="Click to Copy as Coding" class="btn-copy"> </button>
                  </span>
                </td>
              </tr>
              <tr>
                <td>
                  <a name="x-https://mos.esante.gouv.fr/NOS/TRE_R260-HL7RoleClass/FHIR/TRE-R260-HL7RoleClass-PROV"> </a>
                  <code>https://mos.esante.gouv.fr/NOS/TRE_R260-HL7RoleClass/FHIR/TRE-R260-HL7RoleClass</code>
                </td>
                <td style="white-space:nowrap">  
                  <a href="https://interop.esante.gouv.fr/terminologies/1.4.0/CodeSystem-TRE-R260-HL7RoleClass.html#TRE-R260-HL7RoleClass-PROV">PROV</a>
                </td>
                <td/>
                <td/>
                <td/>
                <td>
                  <span class="copy-text-inline">
                    <button data-clipboard-text="{&quot;system&quot;: &quot;https://mos.esante.gouv.fr/NOS/TRE_R260-HL7RoleClass/FHIR/TRE-R260-HL7RoleClass&quot;, &quot;version&quot;: &quot;20240426120000&quot;, &quot;code&quot;: &quot;PROV&quot;}" title="Click to Copy as Coding" class="btn-copy"> </button>
                  </span>
                </td>
                <td>
                  <span class="copy-text-inline">
                    <button data-clipboard-text="&lt;coding&gt;&lt;system value=&quot;https://mos.esante.gouv.fr/NOS/TRE_R260-HL7RoleClass/FHIR/TRE-R260-HL7RoleClass&quot;&gt;&lt;version value=&quot;20240426120000&quot;&gt;&lt;code value=&quot;PROV&quot;&gt;&lt;/coding&gt;" title="Click to Copy as Coding" class="btn-copy"> </button>
                  </span>
                </td>
              </tr>
              <tr>
                <td>
                  <a name="x-https://mos.esante.gouv.fr/NOS/TRE_R260-HL7RoleClass/FHIR/TRE-R260-HL7RoleClass-AGNT"> </a>
                  <code>https://mos.esante.gouv.fr/NOS/TRE_R260-HL7RoleClass/FHIR/TRE-R260-HL7RoleClass</code>
                </td>
                <td style="white-space:nowrap">  
                  <a href="https://interop.esante.gouv.fr/terminologies/1.4.0/CodeSystem-TRE-R260-HL7RoleClass.html#TRE-R260-HL7RoleClass-AGNT">AGNT</a>
                </td>
                <td/>
                <td/>
                <td/>
                <td>
                  <span class="copy-text-inline">
                    <button data-clipboard-text="{&quot;system&quot;: &quot;https://mos.esante.gouv.fr/NOS/TRE_R260-HL7RoleClass/FHIR/TRE-R260-HL7RoleClass&quot;, &quot;version&quot;: &quot;20240426120000&quot;, &quot;code&quot;: &quot;AGNT&quot;}" title="Click to Copy as Coding" class="btn-copy"> </button>
                  </span>
                </td>
                <td>
                  <span class="copy-text-inline">
                    <button data-clipboard-text="&lt;coding&gt;&lt;system value=&quot;https://mos.esante.gouv.fr/NOS/TRE_R260-HL7RoleClass/FHIR/TRE-R260-HL7RoleClass&quot;&gt;&lt;version value=&quot;20240426120000&quot;&gt;&lt;code value=&quot;AGNT&quot;&gt;&lt;/coding&gt;" title="Click to Copy as Coding" class="btn-copy"> </button>
                  </span>
                </td>
              </tr>
              <tr>
                <td>
                  <a name="x-https://mos.esante.gouv.fr/NOS/TRE_R260-HL7RoleClass/FHIR/TRE-R260-HL7RoleClass-NOK"> </a>
                  <code>https://mos.esante.gouv.fr/NOS/TRE_R260-HL7RoleClass/FHIR/TRE-R260-HL7RoleClass</code>
                </td>
                <td style="white-space:nowrap">  
                  <a href="https://interop.esante.gouv.fr/terminologies/1.4.0/CodeSystem-TRE-R260-HL7RoleClass.html#TRE-R260-HL7RoleClass-NOK">NOK</a>
                </td>
                <td/>
                <td/>
                <td/>
                <td>
                  <span class="copy-text-inline">
                    <button data-clipboard-text="{&quot;system&quot;: &quot;https://mos.esante.gouv.fr/NOS/TRE_R260-HL7RoleClass/FHIR/TRE-R260-HL7RoleClass&quot;, &quot;version&quot;: &quot;20240426120000&quot;, &quot;code&quot;: &quot;NOK&quot;}" title="Click to Copy as Coding" class="btn-copy"> </button>
                  </span>
                </td>
                <td>
                  <span class="copy-text-inline">
                    <button data-clipboard-text="&lt;coding&gt;&lt;system value=&quot;https://mos.esante.gouv.fr/NOS/TRE_R260-HL7RoleClass/FHIR/TRE-R260-HL7RoleClass&quot;&gt;&lt;version value=&quot;20240426120000&quot;&gt;&lt;code value=&quot;NOK&quot;&gt;&lt;/coding&gt;" title="Click to Copy as Coding" class="btn-copy"> </button>
                  </span>
                </td>
              </tr>
            </table>
          </div>
        </text>
        <url value="https://interop.esante.gouv.fr/ig/fhir/cds/ValueSet/careteam-roles-vs"/>
        <version value="2.0.1"/>
        <name value="CareTeamRolesValueSet"/>
        <title value="Roles des participants dans un cercle de soins"/>
        <status value="active"/>
        <date value="2025-11-18T17:18:56+00:00"/>
        <jurisdiction>
          <coding>
            <system value="urn:iso:std:iso:3166"/>
            <code value="FR"/>
            <display value="FRANCE"/>
          </coding>
        </jurisdiction>
        <expansion>
          <identifier value="urn:uuid:9341af35-d8fc-40ea-a9b5-879306b4d5ff"/>
          <timestamp value="2025-11-18T17:20:38+00:00"/>
          <total value="11"/>
          <offset value="0"/>
          <parameter>
            <name value="displayLanguage"/>
            <valueCode value="fr"/>
          </parameter>
          <parameter>
            <name value="count"/>
            <valueInteger value="1000"/>
          </parameter>
          <parameter>
            <name value="offset"/>
            <valueInteger value="0"/>
          </parameter>
          <parameter>
            <name value="excludeNested"/>
            <valueBoolean value="false"/>
          </parameter>
          <parameter>
            <name value="used-codesystem"/>
            <valueUri value="https://mos.esante.gouv.fr/NOS/TRE_R259-HL7ParticipationFunction/FHIR/TRE-R259-HL7ParticipationFunction|20231215120000"/>
          </parameter>
          <parameter>
            <name value="used-codesystem"/>
            <valueUri value="https://mos.esante.gouv.fr/NOS/TRE_R260-HL7RoleClass/FHIR/TRE-R260-HL7RoleClass|20240426120000"/>
          </parameter>
          <property>
            <code value="status"/>
            <uri value="http://hl7.org/fhir/concept-properties#status"/>
          </property>
          <contains>
            <system value="https://mos.esante.gouv.fr/NOS/TRE_R259-HL7ParticipationFunction/FHIR/TRE-R259-HL7ParticipationFunction"/>
            <code value="PCP"/>
          </contains>
          <contains>
            <system value="https://mos.esante.gouv.fr/NOS/TRE_R260-HL7RoleClass/FHIR/TRE-R260-HL7RoleClass"/>
            <code value="ECON"/>
          </contains>
          <contains>
            <system value="https://mos.esante.gouv.fr/NOS/TRE_R260-HL7RoleClass/FHIR/TRE-R260-HL7RoleClass"/>
            <code value="GUARD"/>
          </contains>
          <contains>
            <system value="https://mos.esante.gouv.fr/NOS/TRE_R260-HL7RoleClass/FHIR/TRE-R260-HL7RoleClass"/>
            <code value="QUAL"/>
            <property>
              <code value="status"/>
              <valueCode value="deprecated"/>
            </property>
          </contains>
          <contains>
            <system value="https://mos.esante.gouv.fr/NOS/TRE_R260-HL7RoleClass/FHIR/TRE-R260-HL7RoleClass"/>
            <code value="POLHOLD"/>
          </contains>
          <contains>
            <system value="https://mos.esante.gouv.fr/NOS/TRE_R260-HL7RoleClass/FHIR/TRE-R260-HL7RoleClass"/>
            <code value="CON"/>
          </contains>
          <contains>
            <system value="https://mos.esante.gouv.fr/NOS/TRE_R260-HL7RoleClass/FHIR/TRE-R260-HL7RoleClass"/>
            <code value="CAREGIVER"/>
          </contains>
          <contains>
            <system value="https://mos.esante.gouv.fr/NOS/TRE_R260-HL7RoleClass/FHIR/TRE-R260-HL7RoleClass"/>
            <code value="PAT"/>
          </contains>
          <contains>
            <system value="https://mos.esante.gouv.fr/NOS/TRE_R260-HL7RoleClass/FHIR/TRE-R260-HL7RoleClass"/>
            <code value="PROV"/>
          </contains>
          <contains>
            <system value="https://mos.esante.gouv.fr/NOS/TRE_R260-HL7RoleClass/FHIR/TRE-R260-HL7RoleClass"/>
            <code value="AGNT"/>
          </contains>
          <contains>
            <system value="https://mos.esante.gouv.fr/NOS/TRE_R260-HL7RoleClass/FHIR/TRE-R260-HL7RoleClass"/>
            <code value="NOK"/>
          </contains>
        </expansion>
      </ValueSet>
    </resource>
  </entry>
</Bundle>