<?xml version="1.0" encoding="UTF-8"?><CapabilityStatement xmlns="http://hl7.org/fhir"><id value="CDSConsommateur"/><text><status value="extensions"/><div xmlns="http://www.w3.org/1999/xhtml"><h2 id="title">CI-SIS Gestion du Cercle de Soins - Consommateur</h2><ul><li>Implementation Guide Version: 0.1.0</li><li>FHIR Version: 4.0.1</li><li>Supported Formats: <code>json</code>, <code>xml</code></li><li>Supported Patch Formats: </li><li>Published on: 2023-07-14</li><li>Published by: ANS</li></ul><blockquote class="impl-note"><p><strong>Note to Implementers: FHIR Capabilities</strong></p><p>Any FHIR capability may be 'allowed' by the system unless explicitly marked as &quot;SHALL NOT&quot;. A few items are marked as MAY in the Implementation Guide to highlight their potential relevance to the use case.</p></blockquote><h3 id="shallIGs">SHALL Support the Following Implementation Guides</h3><ul><li><a href="ImplementationGuide-ans.fhir.fr.cds.html">http://interop.esante.gouv.fr/ig/fhir/cds/ImplementationGuide/ans.fhir.fr.cds</a></li></ul><h2 id="rest">FHIR RESTful Capabilities</h2><div class="panel panel-default"><div class="panel-heading"><h3 id="mode1" class="panel-title">Mode: <code>client</code></h3></div><div class="panel-body"><div><p>Recherche de cercles de soins</p>
</div><div class="lead"><em>Security</em></div><blockquote><div><p>L’ANS propose des référentiels dédiés à la politique de sécurité (la PGSSI-S) et des mécanismes de sécurisation sont définis dans les volets de la couche Transport du Cadre d’Interopérabilité des systèmes d’information de santé (CI-SIS)</p>
</div></blockquote><div class="lead"><em>Summary of System-wide Interactions</em></div></div></div><h3 id="resourcesCap1">Capabilities by Resource/Profile</h3><h4 id="resourcesSummary1">Summary</h4><p>The summary table lists the resources that are part of this configuration, and for each resource it lists:</p><ul><li>The relevant profiles (if any)</li><li>The interactions supported by each resource (<b><span class="bg-info">R</span></b>ead, <b><span class="bg-info">S</span></b>earch, <b><span class="bg-info">U</span></b>pdate, and <b><span class="bg-info">C</span></b>reate, are always shown, while <b><span class="bg-info">VR</span></b>ead, <b><span class="bg-info">P</span></b>atch, <b><span class="bg-info">D</span></b>elete, <b><span class="bg-info">H</span></b>istory on <b><span class="bg-info">I</span></b>nstance, or <b><span class="bg-info">H</span></b>istory on <b><span class="bg-info">T</span></b>ype are only present if at least one of the resources has support for them.</li><li><span>The required, recommended, and some optional search parameters (if any). </span></li><li>The linked resources enabled for <code>_include</code></li><li>The other resources enabled for <code>_revinclude</code></li><li>The operations on the resource (if any)</li></ul><div class="table-responsive"><table class="table table-condensed table-hover"><thead><tr><th><b>Resource Type</b></th><th><b>Profile</b></th><th class="text-center"><b title="GET a resource (read interaction)">R</b></th><th class="text-center"><b title="GET past versions of resources (vread interaction)">V-R</b></th><th class="text-center"><b title="GET all set of resources of the type (search interaction)">S</b></th><th class="text-center"><b title="PUT a new resource version (update interaction)">U</b></th><th class="text-center"><b title="POST a new resource (create interaction)">C</b></th><th class="text-center"><b title="GET changes to a resource (history interaction on instance)">H-I</b></th><th class="text-center"><b title="GET changes for all resources of the type (history interaction on type)">H-T</b></th><th><b title="Required and recommended search parameters">Searches</b></th><th><code><b>_include</b></code></th><th><code><b>_revinclude</b></code></th><th><b>Operations</b></th></tr></thead><tbody><tr><td><a href="#CareTeam1-1">CareTeam</a></td><td><a href="StructureDefinition-cds-ihe-careteam.html">http://interop.esante.gouv.fr/ig/fhir/cds/StructureDefinition/cds-ihe-careteam</a></td><td>y</td><td class="text-center">y</td><td class="text-center">y</td><td class="text-center"></td><td class="text-center"></td><td class="text-center">y</td><td class="text-center">y</td><td>identifier, CDSCareTeamStart, CDSCareTeamEnd, status, _lastUpdated, category, date, participant, patient, subject, CDSCareTeamParticipantStart, CDSCareTeamParticipantEnd, CareTeamManagingOrganization</td><td/><td/><td/></tr><tr><td><a href="#Patient1-2">Patient</a></td><td><a href="StructureDefinition-cds-fr-patient.html">http://interop.esante.gouv.fr/ig/fhir/cds/StructureDefinition/cds-fr-patient</a></td><td>y</td><td class="text-center"></td><td class="text-center">y</td><td class="text-center"></td><td class="text-center"></td><td class="text-center"></td><td class="text-center"></td><td>identifier, family, given, name, address, birthdate, gender, birthplace</td><td/><td/><td/></tr><tr><td><a href="#RelatedPerson1-3">RelatedPerson</a></td><td><a href="https://hl7.fr/ig/fhir/core/2.0.1/StructureDefinition-fr-core-related-person.html">https://hl7.fr/ig/fhir/core/StructureDefinition/fr-core-related-person</a></td><td>y</td><td class="text-center"></td><td class="text-center">y</td><td class="text-center"></td><td class="text-center"></td><td class="text-center"></td><td class="text-center"></td><td>_id, name, relationship</td><td/><td/><td/></tr><tr><td><a href="#Organization1-4">Organization</a></td><td><a href="StructureDefinition-cds-organization.html">http://interop.esante.gouv.fr/ig/fhir/cds/StructureDefinition/cds-organization</a></td><td>y</td><td class="text-center"></td><td class="text-center">y</td><td class="text-center"></td><td class="text-center"></td><td class="text-center"></td><td class="text-center"></td><td>_id, name, identifier, partof</td><td/><td/><td/></tr><tr><td><a href="#PractitionerRole1-5">PractitionerRole</a></td><td><a href="https://interop.esante.gouv.fr/ig/fhir/annuaire/1.0.1/StructureDefinition-as-practitioner.html">https://interop.esante.gouv.fr/ig/fhir/annuaire/StructureDefinition/as-practitioner</a><br/><em>Additional supported profiles:</em><br/>  <a href="https://interop.esante.gouv.fr/ig/fhir/annuaire/1.0.1/StructureDefinition-as-practitionerrole.html">AS PractitionerRole Profile</a></td><td>y</td><td class="text-center"></td><td class="text-center">y</td><td class="text-center"></td><td class="text-center"></td><td class="text-center"></td><td class="text-center"></td><td>_id, practitioner, role</td><td/><td/><td/></tr></tbody></table></div><hr/><div class="panel panel-default"><div class="panel-heading"><h4 id="CareTeam1-1" class="panel-title"><span style="float: right;">Resource Conformance: supported</span>CareTeam</h4></div><div class="panel-body"><div class="container"><div class="row"><div class="col-lg-6"><span class="lead">Base System Profile</span><br/><a href="StructureDefinition-cds-ihe-careteam.html">http://interop.esante.gouv.fr/ig/fhir/cds/StructureDefinition/cds-ihe-careteam</a></div><div class="col-lg-3"><span class="lead">Profile Conformance</span><br/><b>SHALL</b></div><div class="col-lg-3"><span class="lead">Reference Policy</span><br/></div></div><p/><div class="row"><div class="col-lg-6"><span class="lead">Interaction summary</span><br/><ul><li>Supports <code>read</code>, <code>vread</code>, <code>search-type</code>, <code>history-instance</code>, <code>history-type</code>.</li></ul></div></div><p/><div class="row"><div class="col-lg-7"><span class="lead">Search Parameters</span><table class="table table-condensed table-hover"><thead><tr><th>Conformance</th><th>Parameter</th><th>Type</th><th>Documentation</th></tr></thead><tbody><tr><td><b>SHALL</b></td><td><a href="http://hl7.org/fhir/R4/careteam.html#search">identifier</a></td><td><code>token</code></td><td><div><p>identifiant du cercle de soins</p>
</div></td></tr><tr><td><b>SHALL</b></td><td><a href="SearchParameter-cds-careteam-start.html">CDSCareTeamStart</a></td><td><code>date</code></td><td><div><p>date de création du cercle de soins</p>
</div></td></tr><tr><td><b>SHALL</b></td><td><a href="SearchParameter-cds-careteam-end.html">CDSCareTeamEnd</a></td><td><code>date</code></td><td><div><p>date de fin du cercle de soins</p>
</div></td></tr><tr><td><b>SHALL</b></td><td><a href="http://hl7.org/fhir/R4/careteam.html#search">status</a></td><td><code>token</code></td><td><div><p>statut du cercle de soins</p>
</div></td></tr><tr><td><b>SHALL</b></td><td><a href="http://hl7.org/fhir/R4/resource.html#search">_lastUpdated</a></td><td><code>date</code></td><td><div><p>date de mise à jour du cercle de soins</p>
</div></td></tr><tr><td><b>SHALL</b></td><td><a href="http://hl7.org/fhir/R4/careteam.html#search">category</a></td><td><code>token</code></td><td><div><p>Représente la catégorie cercle de soins.</p>
</div></td></tr><tr><td><b>SHALL</b></td><td><a href="http://hl7.org/fhir/R4/careteam.html#search">date</a></td><td><code>date</code></td><td><div><p>Représente la période couverte par le cercle de soins.</p>
</div></td></tr><tr><td><b>SHALL</b></td><td><a href="http://hl7.org/fhir/R4/careteam.html#search">participant</a></td><td><code>reference</code></td><td><div><p>Représente les participants impliqués dans le cercle de soins.</p>
</div></td></tr><tr><td><b>SHALL</b></td><td><a href="http://hl7.org/fhir/R4/careteam.html#search">patient</a></td><td><code>reference</code></td><td><div><p>Représente le patient du cercle de soins.</p>
</div></td></tr><tr><td><b>SHALL</b></td><td><a href="http://hl7.org/fhir/R4/careteam.html#search">subject</a></td><td><code>reference</code></td><td><div><p>Représente le sujet du cercle de soins.</p>
</div></td></tr><tr><td><b>SHALL</b></td><td><a href="SearchParameter-cds-careteam-participant-start.html">CDSCareTeamParticipantStart</a></td><td><code>date</code></td><td><div><p>Date d'entrée d'un membre du cercle de soins</p>
</div></td></tr><tr><td><b>SHALL</b></td><td><a href="SearchParameter-cds-careteam-participant-end.html">CDSCareTeamParticipantEnd</a></td><td><code>date</code></td><td><div><p>Date de sortie d'un membre du cercle de soins</p>
</div></td></tr><tr><td><b>SHALL</b></td><td><a href="SearchParameter-cds-careteam-managing-organization.html">CareTeamManagingOrganization</a></td><td><code>reference</code></td><td><div><p>Représente le paramètre de recherche chaîné créé pour le volet CdS de manière à pouvoir utiliser comme critère de recherche l'organisation responsable du cercle de soins.</p>
</div></td></tr></tbody></table></div><div class="col-lg-5"> </div></div></div></div></div><div class="panel panel-default"><div class="panel-heading"><h4 id="Patient1-2" class="panel-title"><span style="float: right;">Resource Conformance: supported</span>Patient</h4></div><div class="panel-body"><div class="container"><div class="row"><div class="col-lg-6"><span class="lead">Base System Profile</span><br/><a href="StructureDefinition-cds-fr-patient.html">http://interop.esante.gouv.fr/ig/fhir/cds/StructureDefinition/cds-fr-patient</a></div><div class="col-lg-3"><span class="lead">Profile Conformance</span><br/><b>SHALL</b></div><div class="col-lg-3"><span class="lead">Reference Policy</span><br/></div></div><p/><div class="row"><div class="col-lg-6"><span class="lead">Interaction summary</span><br/><ul><li>Supports <code>read</code>, <code>search-type</code>.</li></ul></div></div><p/><div class="row"><div class="col-lg-7"><span class="lead">Search Parameters</span><table class="table table-condensed table-hover"><thead><tr><th>Conformance</th><th>Parameter</th><th>Type</th><th>Documentation</th></tr></thead><tbody><tr><td><b>SHALL</b></td><td><a href="http://hl7.org/fhir/R4/patient.html#search">identifier</a></td><td><code>token</code></td><td><div><p>Identifiant du patient</p>
</div></td></tr><tr><td><b>SHALL</b></td><td><a href="http://hl7.org/fhir/R4/patient.html#search">family</a></td><td><code>string</code></td><td><div><p>Nom de famille du patient</p>
</div></td></tr><tr><td><b>SHALL</b></td><td><a href="http://hl7.org/fhir/R4/patient.html#search">given</a></td><td><code>string</code></td><td><div><p>Prénom du patient</p>
</div></td></tr><tr><td><b>SHALL</b></td><td><a href="http://hl7.org/fhir/R4/patient.html#search">name</a></td><td><code>string</code></td><td><div><p>Nom du patient</p>
</div></td></tr><tr><td><b>SHALL</b></td><td><a href="http://hl7.org/fhir/R4/patient.html#search">address</a></td><td><code>string</code></td><td><div><p>Adresse du patient</p>
</div></td></tr><tr><td><b>SHALL</b></td><td><a href="http://hl7.org/fhir/R4/patient.html#search">birthdate</a></td><td><code>date</code></td><td><div><p>Date de naissance du patient</p>
</div></td></tr><tr><td><b>SHALL</b></td><td><a href="http://hl7.org/fhir/R4/patient.html#search">gender</a></td><td><code>token</code></td><td><div><p>Genre du patient</p>
</div></td></tr><tr><td><b>SHALL</b></td><td><a href="SearchParameter-cds-patient-birthplace.html">birthplace</a></td><td><code>string</code></td><td><div><p>Genre du patient</p>
</div></td></tr></tbody></table></div><div class="col-lg-5"> </div></div></div></div></div><div class="panel panel-default"><div class="panel-heading"><h4 id="RelatedPerson1-3" class="panel-title"><span style="float: right;">Resource Conformance: supported</span>RelatedPerson</h4></div><div class="panel-body"><div class="container"><div class="row"><div class="col-lg-6"><span class="lead">Base System Profile</span><br/><a href="https://hl7.fr/ig/fhir/core/2.0.1/StructureDefinition-fr-core-related-person.html">https://hl7.fr/ig/fhir/core/StructureDefinition/fr-core-related-person</a></div><div class="col-lg-3"><span class="lead">Profile Conformance</span><br/><b>SHALL</b></div><div class="col-lg-3"><span class="lead">Reference Policy</span><br/></div></div><p/><div class="row"><div class="col-lg-6"><span class="lead">Interaction summary</span><br/><ul><li>Supports <code>read</code>, <code>search-type</code>.</li></ul></div></div><p/><div class="row"><div class="col-lg-7"><span class="lead">Search Parameters</span><table class="table table-condensed table-hover"><thead><tr><th>Conformance</th><th>Parameter</th><th>Type</th><th>Documentation</th></tr></thead><tbody><tr><td><b>SHALL</b></td><td><a href="http://hl7.org/fhir/R4/resource.html#search">_id</a></td><td><code>token</code></td><td><div><p>Identifiant technique de la personne de confiance</p>
</div></td></tr><tr><td><b>SHALL</b></td><td><a href="http://hl7.org/fhir/R4/relatedperson.html#search">name</a></td><td><code>string</code></td><td><div><p>Nom de la personne de confiance</p>
</div></td></tr><tr><td><b>SHALL</b></td><td><a href="http://hl7.org/fhir/R4/relatedperson.html#search">relationship</a></td><td><code>token</code></td><td><div><p>Relation entre le patient et la personne de confiance</p>
</div></td></tr></tbody></table></div><div class="col-lg-5"> </div></div></div></div></div><div class="panel panel-default"><div class="panel-heading"><h4 id="Organization1-4" class="panel-title"><span style="float: right;">Resource Conformance: supported</span>Organization</h4></div><div class="panel-body"><div class="container"><div class="row"><div class="col-lg-6"><span class="lead">Base System Profile</span><br/><a href="StructureDefinition-cds-organization.html">http://interop.esante.gouv.fr/ig/fhir/cds/StructureDefinition/cds-organization</a></div><div class="col-lg-3"><span class="lead">Profile Conformance</span><br/><b>SHALL</b></div><div class="col-lg-3"><span class="lead">Reference Policy</span><br/></div></div><p/><div class="row"><div class="col-lg-6"><span class="lead">Interaction summary</span><br/><ul><li>Supports <code>read</code>, <code>search-type</code>.</li></ul></div></div><p/><div class="row"><div class="col-lg-7"><span class="lead">Search Parameters</span><table class="table table-condensed table-hover"><thead><tr><th>Conformance</th><th>Parameter</th><th>Type</th><th>Documentation</th></tr></thead><tbody><tr><td><b>SHALL</b></td><td><a href="http://hl7.org/fhir/R4/resource.html#search">_id</a></td><td><code>token</code></td><td><div><p>Identifiant technique de la personne de confiance</p>
</div></td></tr><tr><td><b>SHALL</b></td><td><a href="http://hl7.org/fhir/R4/organization.html#search">name</a></td><td><code>string</code></td><td><div><p>Nom de la personne de confiance</p>
</div></td></tr><tr><td><b>SHALL</b></td><td><a href="http://hl7.org/fhir/R4/organization.html#search">identifier</a></td><td><code>token</code></td><td><div><p>Nom de la personne de confiance</p>
</div></td></tr><tr><td><b>SHALL</b></td><td><a href="http://hl7.org/fhir/R4/organization.html#search">partof</a></td><td><code>reference</code></td><td><div><p>Reference vers l'entite juridique</p>
</div></td></tr></tbody></table></div><div class="col-lg-5"> </div></div></div></div></div><div class="panel panel-default"><div class="panel-heading"><h4 id="PractitionerRole1-5" class="panel-title"><span style="float: right;">Resource Conformance: supported</span>PractitionerRole</h4></div><div class="panel-body"><div class="container"><div class="row"><div class="col-lg-6"><span class="lead">Base System Profile</span><br/><a href="https://interop.esante.gouv.fr/ig/fhir/annuaire/1.0.1/StructureDefinition-as-practitioner.html">https://interop.esante.gouv.fr/ig/fhir/annuaire/StructureDefinition/as-practitioner</a></div><div class="col-lg-3"><span class="lead">Profile Conformance</span><br/><b>SHALL</b></div><div class="col-lg-3"><span class="lead">Reference Policy</span><br/></div></div><p/><div class="row"><div class="col-6"><span class="lead">Supported Profiles</span><p><a href="https://interop.esante.gouv.fr/ig/fhir/annuaire/1.0.1/StructureDefinition-as-practitionerrole.html">https://interop.esante.gouv.fr/ig/fhir/annuaire/StructureDefinition/as-practitionerrole</a></p></div><div class="col-lg-6"><span class="lead">Interaction summary</span><br/><ul><li>Supports <code>read</code>, <code>search-type</code>.</li></ul></div></div><p/><div class="row"><div class="col-lg-7"><span class="lead">Search Parameters</span><table class="table table-condensed table-hover"><thead><tr><th>Conformance</th><th>Parameter</th><th>Type</th><th>Documentation</th></tr></thead><tbody><tr><td><b>SHALL</b></td><td><a href="http://hl7.org/fhir/R4/resource.html#search">_id</a></td><td><code>token</code></td><td><div><p>Identifiant technique du membre professionnel dans la situation d'exercice</p>
</div></td></tr><tr><td><b>SHALL</b></td><td><a href="http://hl7.org/fhir/R4/practitionerrole.html#search">practitioner</a></td><td><code>reference</code></td><td><div><p>Référence du professionnel</p>
</div></td></tr><tr><td><b>SHALL</b></td><td><a href="http://hl7.org/fhir/R4/practitionerrole.html#search">role</a></td><td><code>token</code></td><td><div><p>Rôle du membre de cercle de soins</p>
</div></td></tr></tbody></table></div><div class="col-lg-5"> </div></div></div></div></div></div></text><url value="http://interop.esante.gouv.fr/ig/fhir/cds/CapabilityStatement/CDSConsommateur"/><version value="0.1.0"/><name value="consommateur-cds"/><title value="CI-SIS Gestion du Cercle de Soins - Consommateur"/><status value="active"/><experimental value="false"/><date value="2023-07-14"/><publisher value="ANS"/><contact><name value="ANS"/><telecom><system value="url"/><value value="https://esante.gouv.fr"/></telecom></contact><description value="Le rôle de consommateur incarné par un système, peut consulter un cercle de soins.  Exemples  de  consommateur  :  un  dossier  patient  informatisé,  un  système  de  gestion  de  laboratoire,  un  système  d’information  radiologique,  un  logiciel  de  gestion de cabinet, un service numérique d’appui à la coordination."/><jurisdiction><coding><system value="urn:iso:std:iso:3166"/><code value="FR"/><display value="FRANCE"/></coding></jurisdiction><kind value="requirements"/><fhirVersion value="4.0.1"/><format value="json"/><format value="xml"/><implementationGuide value="http://interop.esante.gouv.fr/ig/fhir/cds/ImplementationGuide/ans.fhir.fr.cds"/><rest><mode value="client"/><documentation value="Recherche de cercles de soins"/><security><cors value="false"/><description value="L’ANS propose des référentiels dédiés à la politique de sécurité (la PGSSI-S) et des mécanismes de sécurisation sont définis dans les volets de la couche Transport du Cadre d’Interopérabilité des systèmes d’information de santé (CI-SIS)"/></security><resource><type value="CareTeam"/><profile value="http://interop.esante.gouv.fr/ig/fhir/cds/StructureDefinition/cds-ihe-careteam"/><interaction><code value="read"/></interaction><interaction><code value="vread"/></interaction><interaction><code value="search-type"/></interaction><interaction><code value="history-instance"/></interaction><interaction><code value="history-type"/></interaction><searchParam><name value="identifier"/><definition value="http://hl7.org/fhir/SearchParameter/clinical-identifier"/><type value="token"/><documentation value="identifiant du cercle de soins"/></searchParam><searchParam><name value="CDSCareTeamStart"/><definition value="http://interop.esante.gouv.fr/ig/fhir/cds/SearchParameter/cds-careteam-start"/><type value="date"/><documentation value="date de création du cercle de soins"/></searchParam><searchParam><name value="CDSCareTeamEnd"/><definition value="http://interop.esante.gouv.fr/ig/fhir/cds/SearchParameter/cds-careteam-end"/><type value="date"/><documentation value="date de fin du cercle de soins"/></searchParam><searchParam><name value="status"/><definition value="http://hl7.org/fhir/SearchParameter/CareTeam-status"/><type value="token"/><documentation value="statut du cercle de soins"/></searchParam><searchParam><name value="_lastUpdated"/><definition value="http://hl7.org/fhir/SearchParameter/Resource-lastUpdated"/><type value="date"/><documentation value="date de mise à jour du cercle de soins"/></searchParam><searchParam><name value="category"/><definition value="http://hl7.org/fhir/SearchParameter/CareTeam-category"/><type value="token"/><documentation value="Représente la catégorie cercle de soins."/></searchParam><searchParam><name value="date"/><definition value="http://hl7.org/fhir/SearchParameter/clinical-date"/><type value="date"/><documentation value="Représente la période couverte par le cercle de soins."/></searchParam><searchParam><name value="participant"/><definition value="http://hl7.org/fhir/SearchParameter/CareTeam-participant"/><type value="reference"/><documentation value="Représente les participants impliqués dans le cercle de soins."/></searchParam><searchParam><name value="patient"/><definition value="http://hl7.org/fhir/SearchParameter/clinical-patient"/><type value="reference"/><documentation value="Représente le patient du cercle de soins."/></searchParam><searchParam><name value="subject"/><definition value="http://hl7.org/fhir/SearchParameter/CareTeam-subject"/><type value="reference"/><documentation value="Représente le sujet du cercle de soins."/></searchParam><searchParam><name value="CDSCareTeamParticipantStart"/><definition value="http://interop.esante.gouv.fr/ig/fhir/cds/SearchParameter/cds-careteam-participant-start"/><type value="date"/><documentation value="Date d'entrée d'un membre du cercle de soins"/></searchParam><searchParam><name value="CDSCareTeamParticipantEnd"/><definition value="http://interop.esante.gouv.fr/ig/fhir/cds/SearchParameter/cds-careteam-participant-end"/><type value="date"/><documentation value="Date de sortie d'un membre du cercle de soins"/></searchParam><searchParam><name value="CareTeamManagingOrganization"/><definition value="http://interop.esante.gouv.fr/ig/fhir/cds/SearchParameter/cds-careteam-managing-organization"/><type value="reference"/><documentation value="Représente le paramètre de recherche chaîné créé pour le volet CdS de manière à pouvoir utiliser comme critère de recherche l'organisation responsable du cercle de soins."/></searchParam></resource><resource><type value="Patient"/><profile value="http://interop.esante.gouv.fr/ig/fhir/cds/StructureDefinition/cds-fr-patient"/><interaction><code value="read"/></interaction><interaction><code value="search-type"/></interaction><searchParam><name value="identifier"/><definition value="http://hl7.org/fhir/SearchParameter/Patient-identifier"/><type value="token"/><documentation value="Identifiant du patient"/></searchParam><searchParam><name value="family"/><definition value="http://hl7.org/fhir/SearchParameter/individual-family"/><type value="string"/><documentation value="Nom de famille du patient"/></searchParam><searchParam><name value="given"/><definition value="http://hl7.org/fhir/SearchParameter/individual-given"/><type value="string"/><documentation value="Prénom du patient"/></searchParam><searchParam><name value="name"/><definition value="http://hl7.org/fhir/SearchParameter/Patient-name"/><type value="string"/><documentation value="Nom du patient"/></searchParam><searchParam><name value="address"/><definition value="http://hl7.org/fhir/SearchParameter/individual-address"/><type value="string"/><documentation value="Adresse du patient"/></searchParam><searchParam><name value="birthdate"/><definition value="http://hl7.org/fhir/SearchParameter/individual-birthdate"/><type value="date"/><documentation value="Date de naissance du patient"/></searchParam><searchParam><name value="gender"/><definition value="http://hl7.org/fhir/SearchParameter/individual-gender"/><type value="token"/><documentation value="Genre du patient"/></searchParam><searchParam><name value="birthplace"/><definition value="http://interop.esante.gouv.fr/ig/fhir/cds/SearchParameter/cds-patient-birthplace"/><type value="string"/><documentation value="Genre du patient"/></searchParam></resource><resource><type value="RelatedPerson"/><profile value="https://hl7.fr/ig/fhir/core/StructureDefinition/fr-core-related-person"/><interaction><code value="read"/></interaction><interaction><code value="search-type"/></interaction><searchParam><name value="_id"/><definition value="http://hl7.org/fhir/SearchParameter/Resource-id"/><type value="token"/><documentation value="Identifiant technique de la personne de confiance"/></searchParam><searchParam><name value="name"/><definition value="http://hl7.org/fhir/SearchParameter/RelatedPerson-name"/><type value="string"/><documentation value="Nom de la personne de confiance"/></searchParam><searchParam><name value="relationship"/><definition value="http://hl7.org/fhir/SearchParameter/RelatedPerson-relationship"/><type value="token"/><documentation value="Relation entre le patient et la personne de confiance"/></searchParam></resource><resource><type value="Organization"/><profile value="http://interop.esante.gouv.fr/ig/fhir/cds/StructureDefinition/cds-organization"/><interaction><code value="read"/></interaction><interaction><code value="search-type"/></interaction><searchParam><name value="_id"/><definition value="http://hl7.org/fhir/SearchParameter/Resource-id"/><type value="token"/><documentation value="Identifiant technique de la personne de confiance"/></searchParam><searchParam><name value="name"/><definition value="http://hl7.org/fhir/SearchParameter/Organization-name"/><type value="string"/><documentation value="Nom de la personne de confiance"/></searchParam><searchParam><name value="identifier"/><definition value="http://hl7.org/fhir/SearchParameter/Organization-identifier"/><type value="token"/><documentation value="Nom de la personne de confiance"/></searchParam><searchParam><name value="partof"/><definition value="http://hl7.org/fhir/SearchParameter/Organization-partof"/><type value="reference"/><documentation value="Reference vers l'entite juridique"/></searchParam></resource><resource><type value="PractitionerRole"/><profile value="https://interop.esante.gouv.fr/ig/fhir/annuaire/StructureDefinition/as-practitioner"/><supportedProfile value="https://interop.esante.gouv.fr/ig/fhir/annuaire/StructureDefinition/as-practitionerrole"/><interaction><code value="read"/></interaction><interaction><code value="search-type"/></interaction><searchParam><name value="_id"/><definition value="http://hl7.org/fhir/SearchParameter/Resource-id"/><type value="token"/><documentation value="Identifiant technique du membre professionnel dans la situation d'exercice"/></searchParam><searchParam><name value="practitioner"/><definition value="http://hl7.org/fhir/SearchParameter/PractitionerRole-practitioner"/><type value="reference"/><documentation value="Référence du professionnel"/></searchParam><searchParam><name value="role"/><definition value="http://hl7.org/fhir/SearchParameter/PractitionerRole-role"/><type value="token"/><documentation value="Rôle du membre de cercle de soins"/></searchParam></resource></rest></CapabilityStatement>