{
  "resourceType" : "ValueSet",
  "id" : "careteam-roles-vs",
  "text" : {
    "status" : "generated",
    "div" : "<div xmlns=\"http://www.w3.org/1999/xhtml\"><p class=\"res-header-id\"><b>Generated Narrative: ValueSet careteam-roles-vs</b></p><a name=\"careteam-roles-vs\"> </a><a name=\"hccareteam-roles-vs\"> </a><a name=\"careteam-roles-vs-fr-FR\"> </a><p>This value set includes codes based on the following rules:</p><ul><li>Include these codes as defined in <a href=\"https://interop.esante.gouv.fr/ig/nos/1.3.0/CodeSystem-TRE-R259-HL7ParticipationFunction.html\"><code>https://mos.esante.gouv.fr/NOS/TRE_R259-HL7ParticipationFunction/FHIR/TRE-R259-HL7ParticipationFunction</code></a><table class=\"none\"><tr><td style=\"white-space:nowrap\"><b>Code</b></td><td><b>Display</b></td></tr><tr><td><a href=\"https://interop.esante.gouv.fr/ig/nos/1.3.0/CodeSystem-TRE-R259-HL7ParticipationFunction.html#TRE-R259-HL7ParticipationFunction-PCP\">PCP</a></td><td>Médecin traitant</td></tr></table></li><li>Include all codes defined in <a href=\"https://interop.esante.gouv.fr/ig/nos/1.3.0/CodeSystem-TRE-R260-HL7RoleClass.html\"><code>https://mos.esante.gouv.fr/NOS/TRE_R260-HL7RoleClass/FHIR/TRE-R260-HL7RoleClass</code></a></li></ul></div>"
  },
  "url" : "https://interop.esante.gouv.fr/ig/fhir/cds/ValueSet/careteam-roles-vs",
  "version" : "2.0.0",
  "name" : "CareTeamRolesValueSet",
  "title" : "Roles des participants dans un cercle de soins",
  "status" : "active",
  "date" : "2024-09-24T12:46:07+00:00",
  "publisher" : "ANS",
  "contact" : [{
    "name" : "ANS",
    "telecom" : [{
      "system" : "url",
      "value" : "https://esante.gouv.fr"
    }]
  }],
  "description" : "Roles des participants dans un cercle de soins.",
  "jurisdiction" : [{
    "coding" : [{
      "system" : "urn:iso:std:iso:3166",
      "code" : "FR",
      "display" : "FRANCE"
    }]
  }],
  "compose" : {
    "include" : [{
      "system" : "https://mos.esante.gouv.fr/NOS/TRE_R259-HL7ParticipationFunction/FHIR/TRE-R259-HL7ParticipationFunction",
      "concept" : [{
        "code" : "PCP",
        "display" : "Médecin traitant"
      }]
    },
    {
      "system" : "https://mos.esante.gouv.fr/NOS/TRE_R260-HL7RoleClass/FHIR/TRE-R260-HL7RoleClass"
    }]
  }
}